"mouse","lesion","DAPI_count","total_host_count","B220_count","CD4_count","CD8_count","area","nonrep_tb","rep_tb","total_tb","B220_percent","CD4_percent","CD8_percent","Other_percent","B220_prop","CD4_prop","CD8_prop","DAPI_prop","DAPI_count_500","total_host_count_500","B220_count_500","CD4_count_500","CD8_count_500","RS_index","log_rep_tb","log_nonrep_tb","log_total_tb","log_RS_index","log_RS_prop","RS_prop","Vaccination","Timepoint"
"BCG17","L01",5164,6608,356,644,463,462334.5821,428,30,458,5.38740920096852,9.74576271186441,7.00665859564165,78.1476997578692,0.0538740920096852,0.0974576271186441,0.0700665859564165,0.781476997578692,10.328,13.216,0.712,1.288,0.926,4.85817247855898,3.43398720448515,6.06145691892802,6.12905021006055,5.25466210710939,0.560280481769984,0.0655021834061135,"BCG","D114"
"BCG17","L02",6719,10526,1589,1471,847,585634.7926,426,37,463,15.0959528785864,13.9749192475774,8.04674140224207,63.8324149724492,0.150959528785864,0.139749192475774,0.0804674140224207,0.638324149724492,13.438,21.052,3.178,2.942,1.694,3.82040803947123,3.63758615972639,6.05678401322862,6.13988455222626,3.50322508083635,0.59245188224385,0.0799136069114471,"BCG","D114"
"BCG17","L03",7485,13128,2948,1920,987,662423.3339,429,42,471,22.4558196221816,14.6252285191956,7.51828153564899,57.0155393053016,0.224558196221816,0.146252285191956,0.0751828153564899,0.570155393053016,14.97,26.256,5.896,3.84,1.974,3.51248385983304,3.76120011569356,6.06378520868761,6.15697898558556,2.90905367655459,0.610884026809108,0.089171974522293,"BCG","D114"
"BCG18","L01",7633,11341,2208,953,555,648579.386,712,87,799,19.4691826117626,8.40313905299356,4.89374834670664,67.3044705052465,0.194691826117626,0.0840313905299356,0.0489374834670664,0.673044705052464,15.266,22.682,4.416,1.906,1.11,8.60864279847704,4.47733681447821,6.5694814204143,6.68461172766793,4.01710805151272,0.669797588384423,0.108886107634543,"BCG","D114"
"BCG18","L02",3938,5009,356,378,355,275313.9177,183,1,184,7.10720702735077,7.5464164503893,7.0872429626672,78.618486723897,0.0710720702735077,0.075464164503893,0.070872429626672,0.78618486723897,7.876,10.018,0.712,0.756,0.71,0.200731579332066,0.693147180559945,5.21493575760899,5.22035582507832,1.38524175080673,0.132777765306744,0.00543478260869565,"BCG","D114"
"BCG18","L03",7717,9551,453,764,636,607542.0285,226,25,251,4.74295885247618,7.99916239137263,6.65898858758245,80.7978222175688,0.0474295885247618,0.0799916239137263,0.0665898858758245,0.807978222175688,15.434,19.102,0.906,1.528,1.272,2.90707640306394,3.25809653802148,5.4249500174814,5.52942908751142,3.47695968360259,0.589228378998495,0.099601593625498,"BCG","D114"
"BCG18","L04",1808,2817,545,238,251,152368.3387,169,16,185,19.3468228611999,8.44870429534966,8.91018814341498,64.1817536386227,0.193468228611999,0.0844870429534966,0.0891018814341498,0.641817536386227,3.616,5.634,1.09,0.476,0.502,6.21753386560464,2.83321334405622,5.13579843705026,5.2257466737132,10.2337031128733,0.542164310854941,0.0864864864864865,"BCG","D114"
"BCG18","L05",4603,6222,539,613,470,339572.1461,348,42,390,8.6628093860495,9.85213757634201,7.55384120861459,73.9794278367085,0.086628093860495,0.0985213757634201,0.0755384120861459,0.739794278367085,9.206,12.444,1.078,1.226,0.94,7.56492534831909,3.76120011569356,5.85507192220243,5.96870755998537,6.16232360289872,0.630153191104371,0.107692307692308,"BCG","D114"
"BCG18","L06",9857,14384,2678,1051,843,724032.6482,511,52,563,18.6179087875417,7.3067296996663,5.86067853170189,68.5275305895439,0.186179087875417,0.073067296996663,0.0586067853170189,0.685275305895439,19.714,28.768,5.356,2.102,1.686,3.98300786479432,3.97029191355212,6.23832462503951,6.33505425149806,2.80301313403189,0.626717902630946,0.0923623445825933,"BCG","D114"
"BCG18","L07",1952,2959,545,286,210,160516.5385,54,3,57,18.4183845893883,9.66542750929368,7.09699222710375,65.9682325109834,0.184183845893883,0.0966542750929368,0.0709699222710375,0.659682325109834,3.904,5.918,1.09,0.572,0.42,1.07018136757914,1.38629436111989,4.00733318523247,4.06044301054642,4.7471008489631,0.34141455932744,0.0526315789473684,"BCG","D114"
"BCG18","L08",712,961,45,130,84,58166.22538,24,2,26,4.68262226847034,13.5275754422477,8.74089490114464,74.0894901144641,0.0468262226847034,0.135275754422477,0.0874089490114464,0.740894901144641,1.424,1.922,0.09,0.26,0.168,2.25459590704128,1.09861228866811,3.2188758248682,3.29583686600433,11.7053000039013,0.333333333333333,0.0769230769230769,"BCG","D114"
"BCG19","L01",5382,13067,4321,1736,1731,676671.8614,211,13,224,33.068033978725,13.2853753730772,13.2471110430856,41.1877248029387,0.33068033978725,0.132853753730772,0.132471110430856,0.411877248029387,10.764,26.134,8.642,3.472,3.462,1.05616804678186,2.63905732961526,5.35658627467201,5.41610040220442,2.04207428298961,0.487261522799897,0.0580357142857143,"BCG","D114"
"BCG19","L02",6655,11322,2351,1450,923,669872.2603,192,15,207,20.7648825295884,12.8069245716305,8.1522699169758,58.779367602897,0.207648825295884,0.128069245716305,0.081522699169758,0.58779367602897,13.31,22.644,4.702,2.9,1.846,1.42835850556439,2.77258872223978,5.26269018890489,5.33753807970132,2.48367910775412,0.519450855589012,0.072463768115942,"BCG","D114"
"BCG20","L01",1134,1617,66,269,150,144747.9239,57,3,60,4.08163265306122,16.6357452071738,9.27643784786642,70.1298701298701,0.0408163265306122,0.166357452071738,0.0927643784786642,0.701298701298701,2.268,3.234,0.132,0.538,0.3,1.95293428376135,1.38629436111989,4.06044301054642,4.11087386417331,8.67972905867299,0.337226197379002,0.05,"BCG","D114"
"BCG20","L02",577,860,40,157,88,67916.09417,68,7,75,4.65116279069767,18.2558139534884,10.2325581395349,67.093023255814,0.0465116279069767,0.182558139534884,0.102325581395349,0.67093023255814,1.154,1.72,0.08,0.314,0.176,8.97742818057455,2.07944154167984,4.23410650459726,4.33073334028633,24.7313560475589,0.480159219764464,0.0933333333333333,"BCG","D114"
"BCG20","L03",195,266,18,35,19,19582.9844,22,1,23,6.76691729323308,13.1578947368421,7.14285714285714,73.3082706766917,0.0676691729323308,0.131578947368421,0.0714285714285714,0.733082706766917,0.39,0.532,0.036,0.07,0.038,3.93028024606972,0.693147180559945,3.13549421592915,3.17805383034795,26.4118650453854,0.218104291985532,0.0434782608695652,"BCG","D114"
"BCG20","L04",1689,2779,244,519,364,211118.9569,139,13,152,8.78013673983447,18.6757826556315,13.0982367758186,60.7772580064772,0.0878013673983447,0.186757826556315,0.130982367758186,0.607772580064772,3.378,5.558,0.488,1.038,0.728,5.11544704502681,2.63905732961526,4.9416424226093,5.03043792139244,9.66706759289275,0.524617810785897,0.0855263157894737,"BCG","D114"
"BCG20","L05",682,1592,433,300,217,130151.4246,215,22,237,27.1984924623116,18.8442211055276,13.6306532663317,42.8391959798995,0.271984924623116,0.188442211055276,0.136306532663317,0.428391959798995,1.364,3.184,0.866,0.6,0.434,15.2331424564684,3.13549421592915,5.37527840768417,5.47227067367148,20.0507004184408,0.572978641391924,0.0928270042194093,"BCG","D114"
"BCG20","L06",2265,3380,215,469,435,330638.0963,134,8,142,6.36094674556213,13.8757396449704,12.8698224852071,67.0118343195266,0.0636094674556213,0.138757396449704,0.128698224852071,0.670118343195266,4.53,6.76,0.43,0.938,0.87,2.50816921310607,2.19722457733622,4.90527477843843,4.96284463025991,6.57695827791363,0.442734911332727,0.0563380281690141,"BCG","D114"
"BCG20","L07",1357,3140,460,824,534,250469.7336,212,15,227,14.6496815286624,26.2420382165605,17.0063694267516,43.2165605095541,0.146496815286624,0.262420382165605,0.170063694267516,0.432165605095541,2.714,6.28,0.92,1.648,1.068,5.11507030404999,2.77258872223978,5.36129216570943,5.42934562895444,8.94198256706985,0.510667198539304,0.066079295154185,"BCG","D114"
"BCG20","L08",1032,1854,119,449,259,153220.7863,296,36,332,6.4185544768069,24.217907227616,13.9697950377562,55.663430420712,0.064185544768069,0.24217907227616,0.139697950377562,0.55663430420712,2.064,3.708,0.238,0.898,0.518,21.7790606140121,3.61091791264422,5.6937321388027,5.80814248998044,19.8677239090746,0.62169926424384,0.108433734939759,"BCG","D114"
"BCG20","L09",4254,6434,342,1229,646,469042.6117,335,18,353,5.31551134597451,19.1016474976686,10.0404103201741,66.1175007771215,0.0531551134597451,0.191016474976686,0.100404103201741,0.661175007771215,8.508,12.868,0.684,2.458,1.292,2.94795837412255,2.94443897916644,5.8171111599632,5.86929691313377,4.61742892212501,0.501668091211682,0.0509915014164306,"BCG","D114"
"BCG20","L10",5449,9090,799,1755,1126,633145.4237,485,49,534,8.78987898789879,19.3069306930693,12.3872387238724,59.9449944994499,0.0878987898789879,0.193069306930693,0.123872387238724,0.599449944994499,10.898,18.18,1.598,3.51,2.252,5.93515021605253,3.91202300542815,6.18620862390049,6.28226674689601,4.37048191535889,0.622708834730876,0.0917602996254682,"BCG","D114"
"BCG20","L11",3962,6076,892,656,614,559726.714,347,19,366,14.680710994075,10.7965766951942,10.1053324555629,65.2073732718894,0.14680710994075,0.107965766951942,0.101053324555629,0.652073732718894,7.924,12.152,1.784,1.312,1.228,3.29827943076459,2.99573227355399,5.85220247977447,5.90536184805457,4.97522129977413,0.507290213645568,0.0519125683060109,"BCG","D114"
"BCG20","L12",1407,2842,705,479,338,184766.3402,209,11,220,24.8064743138635,16.8543279380718,11.8930330752991,49.5073891625616,0.248064743138635,0.168543279380718,0.118930330752991,0.495073891625616,2.814,5.684,1.41,0.958,0.676,4.07422497129523,2.484906649788,5.34710753071747,5.39816270151775,8.82699858433637,0.460324519134879,0.05,"BCG","D114"
"BCG20","L13",2045,2989,140,446,364,291467.1327,314,16,330,4.68384074941452,14.9213783874205,12.1779859484778,68.4175309468049,0.0468384074941452,0.149213783874205,0.121779859484778,0.684175309468049,4.09,5.978,0.28,0.892,0.728,5.62572319310934,2.83321334405622,5.75257263882563,5.80211837537706,9.56043905509388,0.4883067115762,0.0484848484848485,"BCG","D114"
"BCG22","L01",10306,12950,1079,822,753,630036.1291,800,71,871,8.33204633204633,6.34749034749035,5.81467181467181,79.5830115830116,0.0833204633204633,0.0634749034749035,0.0581467181467181,0.795830115830116,20.612,25.9,2.158,1.644,1.506,5.96920849420849,4.27666611901606,6.68586094706836,6.77078942390898,3.34439484166924,0.631634784551756,0.0815154994259472,"BCG","D114"
"BCG22","L02",1617,2052,93,168,176,124555.0547,35,4,39,4.53216374269006,8.18713450292398,8.57699805068226,78.8011695906433,0.0453216374269006,0.0818713450292398,0.0857699805068226,0.788011695906433,3.234,4.104,0.186,0.336,0.352,2.17209690893901,1.6094379124341,3.58351893845611,3.68887945411394,8.07386773445049,0.436294525872677,0.102564102564103,"BCG","D114"
"BCG22","L03",2248,2678,119,183,128,191810.7884,29,1,30,4.44361463778939,6.83345780433159,4.77968633308439,83.9432412247946,0.0444361463778939,0.0683345780433159,0.0477968633308439,0.839432412247946,4.496,5.356,0.238,0.366,0.256,0.386289304936777,0.693147180559945,3.40119738166216,3.43398720448515,2.61325460808904,0.2018490865821,0.0333333333333333,"BCG","D114"
"BCG22","L04",4794,5523,156,300,273,263143.9894,251,30,281,2.82455187398153,5.43183052688756,4.94296577946768,86.8006518196632,0.0282455187398153,0.0543183052688756,0.0494296577946768,0.868006518196632,9.588,11.046,0.312,0.6,0.546,6.08105329902552,3.43398720448515,5.52942908751142,5.64190707093811,6.34408897223921,0.608657172354694,0.106761565836299,"BCG","D114"
"BCG22","L05",590,736,22,72,53,51267.20018,13,1,14,2.98913043478261,9.78260869565217,7.20108695652174,80.1630434782609,0.0298913043478261,0.0978260869565217,0.0720108695652174,0.801630434782609,1.18,1.472,0.044,0.144,0.106,1.46321070234114,0.693147180559945,2.63905732961526,2.70805020110221,9.66396910566405,0.255958024809815,0.0714285714285714,"BCG","D114"
"BCG22","L06",3376,4058,272,268,150,200926.4003,122,12,134,6.7028092656481,6.60423854115328,3.69640216855594,83.1936914736323,0.067028092656481,0.0660423854115328,0.0369640216855594,0.831936914736323,6.752,8.116,0.544,0.536,0.3,3.2479861677803,2.56494935746154,4.81218435537242,4.90527477843843,6.44299561058176,0.522896162460867,0.0895522388059701,"BCG","D114"
"BCG23","L01",6161,7552,479,410,503,432173.2404,280,18,298,6.3426906779661,5.42902542372881,6.66048728813559,81.5810381355932,0.063426906779661,0.0542902542372881,0.0666048728813559,0.815810381355932,12.322,15.104,0.958,0.82,1.006,2.53669794188862,2.94443897916644,5.63835466933375,5.70044357339069,3.94182044202298,0.516528045801716,0.0604026845637584,"BCG","D114"
"BCG23","L02",9281,12425,1581,806,763,705485.0913,508,15,523,12.7243460764588,6.48692152917505,6.14084507042254,74.6961770623742,0.127243460764588,0.0648692152917505,0.0614084507042254,0.746961770623742,18.562,24.85,3.162,1.612,1.526,1.24289041334622,2.77258872223978,6.23244801655052,6.26149168432104,2.24185850328257,0.44280003264756,0.0286806883365201,"BCG","D114"
"BCG23","L03",24642,39035,9122,2937,2347,2018667.652,1353,85,1438,23.3687716152171,7.52401690790316,6.01255283719739,63.1279620853081,0.233687716152171,0.0752401690790316,0.0601255283719739,0.631279620853081,49.284,78.07,18.244,5.874,4.694,2.31433291195168,4.45434729625351,7.21081845347222,7.27170370688737,1.15075138078175,0.612558964969184,0.0591098748261474,"BCG","D114"
"BCG23","L04",5863,8176,1099,688,529,460382.5211,235,9,244,13.4417808219178,8.41487279843444,6.47015655577299,71.7098825831703,0.134417808219178,0.0841487279843444,0.0647015655577299,0.717098825831703,11.726,16.352,2.198,1.376,1.058,1.14294041720448,2.30258509299405,5.46383180502561,5.50125821054473,2.83556439077454,0.418556083875592,0.0368852459016393,"BCG","D114"
"BCG24","L01",9097,14230,3286,1082,774,686308.1748,163,27,190,23.0920590302178,7.60365425158117,5.43921293042867,63.928320449754,0.230920590302178,0.0760365425158117,0.0543921293042867,0.63928320449754,18.194,28.46,6.572,2.164,1.548,2.21169308770462,3.3322045101752,5.0998664278242,5.25227342804663,2.4116555188165,0.634430890894133,0.142105263157895,"BCG","D114"
"BCG24","L02",11638,17452,3485,1027,1321,859406.5684,192,43,235,19.9690579876232,5.88471235388494,7.56933302773321,66.6857666743067,0.199690579876232,0.0588471235388494,0.0756933302773321,0.666857666743067,23.276,34.904,6.97,2.054,2.642,3.01571214378486,3.78418963391826,5.26269018890489,5.46383180502561,2.25121619879543,0.692588968503309,0.182978723404255,"BCG","D114"
"BCG25","L01",535,637,31,50,21,42303.09893,5,0,5,4.86656200941915,7.84929356357928,3.2967032967033,83.9874411302983,0.0486656200941915,0.0784929356357928,0.032967032967033,0.839874411302983,1.07,1.274,0.062,0.1,0.042,0,0,1.79175946922805,1.79175946922805,0,0,0,"BCG","D114"
"BCG25","L02",1074,1313,42,167,30,72332.17214,13,2,15,3.1987814166032,12.7189642041127,2.28484386900229,81.7974105102818,0.031987814166032,0.127189642041127,0.0228484386900229,0.817974105102818,2.148,2.626,0.084,0.334,0.06,1.75757220692483,1.09861228866811,2.63905732961526,2.77258872223978,8.79055618598099,0.396240625180289,0.133333333333333,"BCG","D114"
"BCG25","L03",184,252,6,52,10,16756.07634,3,0,3,2.38095238095238,20.6349206349206,3.96825396825397,73.015873015873,0.0238095238095238,0.206349206349206,0.0396825396825397,0.73015873015873,0.368,0.504,0.012,0.104,0.02,0,0,1.38629436111989,1.38629436111989,0,0,0,"BCG","D114"
"BCG25","L04",658,847,23,115,51,58286.63757,51,3,54,2.71546635182999,13.5773317591499,6.02125147579693,77.6859504132231,0.0271546635182999,0.135773317591499,0.0602125147579693,0.776859504132231,1.316,1.694,0.046,0.23,0.102,3.75026043475241,1.38629436111989,3.95124371858143,4.00733318523247,16.5994493226324,0.345939380890154,0.0555555555555556,"BCG","D114"
"BCG25","L05",344,559,69,96,50,66924.40824,11,0,11,12.3434704830054,17.1735241502683,8.94454382826476,61.5384615384615,0.123434704830054,0.171735241502683,0.0894454382826476,0.615384615384615,0.688,1.118,0.138,0.192,0.1,0,0,2.484906649788,2.484906649788,0,0,0,"BCG","D114"
"BCG25","L06",2081,2551,181,207,81,124495.1165,21,0,21,7.0952567620541,8.11446491571933,3.17522540180321,81.5758526068209,0.070952567620541,0.0811446491571933,0.0317522540180321,0.815758526068209,4.162,5.102,0.362,0.414,0.162,0,0,3.09104245335832,3.09104245335832,0,0,0,"BCG","D114"
"BCG25","L07",169,236,17,41,12,31679.04059,13,3,16,7.20338983050847,17.3728813559322,5.08474576271187,71.6101694915254,0.0720338983050847,0.173728813559322,0.0508474576271186,0.716101694915254,0.338,0.472,0.034,0.082,0.024,15.645371577575,1.38629436111989,2.63905732961526,2.83321334405622,63.0628955489439,0.489301084236452,0.1875,"BCG","D114"
"BCG25","L08",2001,2262,57,111,94,151788.6736,79,13,92,2.51989389920424,4.90716180371353,4.15561450044209,88.4615384615385,0.0251989389920424,0.0490716180371353,0.0415561450044209,0.884615384615385,4.002,4.524,0.114,0.222,0.188,6.69285610359377,2.63905732961526,4.38202663467388,4.53259949315326,12.0678125900698,0.582239250037799,0.141304347826087,"BCG","D114"
"BCG21","L01",6307,11695,1655,877,690,610109.9843,669,61,730,14.1513467293715,7.49893116716546,5.89995724668662,53.9290294997862,0.141513467293715,0.0749893116716546,0.0589995724668662,0.539290294997862,12.614,23.39,3.31,1.754,1.38,5.69149490251414,4.12713438504509,6.50727771238501,6.59441345974978,3.57622813738194,0.625853142244692,0.0835616438356164,"BCG","D114"
"BCG21","L02",2601,2829,50,69,28,181534.705,73,12,85,1.76740897843761,2.4390243902439,0.989749027925062,91.9406150583245,0.0176740897843761,0.024390243902439,0.00989749027925062,0.919406150583245,5.202,5.658,0.1,0.138,0.056,4.93906070686675,2.56494935746154,4.30406509320417,4.45434729625351,9.3832025557494,0.575830573340988,0.141176470588235,"BCG","D114"
"BCG21","L03",7995,19345,4859,2048,1243,866376.0572,1084,80,1164,25.1176014474024,10.5867149134143,6.42543292840527,41.3285086585681,0.251176014474024,0.105867149134143,0.0642543292840527,0.413285086585681,15.99,38.69,9.718,4.096,2.486,4.44063370589767,4.39444915467244,6.98933526597456,7.0604763659998,2.2947418714631,0.622401227179827,0.0687285223367698,"BCG","D114"
"BCG21","L04",2949,5684,504,772,499,304944.2728,152,8,160,8.86699507389163,13.5819845179451,8.77902885292048,51.8824771287825,0.0886699507389163,0.135819845179451,0.0877902885292048,0.518824771287825,5.898,11.368,1.008,1.544,0.998,1.48153635319827,2.19722457733622,5.03043792139244,5.08140436498446,3.90479592456739,0.432404984826067,0.05,"BCG","D114"
"BCG21","L05",3817,6568,765,562,273,336966.2935,95,7,102,11.6473812423873,8.55663824604141,4.15651644336175,58.1151035322777,0.116473812423873,0.0855663824604141,0.0415651644336175,0.581151035322777,7.634,13.136,1.53,1.124,0.546,1.14430412205911,2.07944154167984,4.56434819146784,4.63472898822964,3.21483841136664,0.448665185593546,0.0686274509803922,"BCG","D114"
"BCG21","L06",837,1642,387,166,127,77030.66652,11,0,11,23.5688185140073,10.1096224116931,7.73447015834348,50.9744214372716,0.235688185140073,0.101096224116931,0.0773447015834348,0.509744214372716,1.674,3.284,0.774,0.332,0.254,0,0,2.484906649788,2.484906649788,0,0,0,"BCG","D114"
"BCG21","L07",2209,3538,77,388,328,227342.5278,106,10,116,2.17637083097795,10.9666478236292,9.27077444884115,62.4364047484455,0.0217637083097795,0.109666478236292,0.0927077444884115,0.624364047484455,4.418,7.076,0.154,0.776,0.656,3.09310238168883,2.39789527279837,4.67282883446191,4.76217393479776,6.90713212264081,0.503529544621769,0.0862068965517241,"BCG","D114"
"SAL18","L01",1131,1368,63,103,71,144342.3962,258,19,277,4.60526315789474,7.52923976608187,5.19005847953216,82.6754385964912,0.0460526315789474,0.0752923976608187,0.0519005847953216,0.826754385964912,2.262,2.736,0.126,0.206,0.142,14.911714039621,2.99573227355399,5.55682806169954,5.62762111369064,22.1776125533403,0.53232657512534,0.0685920577617329,"SAL","D114"
"SAL18","L02",316,421,17,72,16,29220.43641,56,1,57,4.03800475059382,17.1021377672209,3.80047505938242,75.0593824228028,0.0403800475059382,0.171021377672209,0.0380047505938242,0.750593824228028,0.632,0.842,0.034,0.144,0.032,2.41771292840176,0.693147180559945,4.04305126783455,4.06044301054642,16.535127049103,0.17070727966372,0.0175438596491228,"SAL","D114"
"SAL18","L03",513,709,30,90,76,48036.9923,88,7,95,4.23131170662905,12.6939351198872,10.7193229901269,72.3554301833568,0.0423131170662905,0.126939351198872,0.107193229901269,0.723554301833568,1.026,1.418,0.06,0.18,0.152,10.6584177458649,2.07944154167984,4.48863636973214,4.56434819146784,29.8239267282607,0.45558345999259,0.0736842105263158,"SAL","D114"
"SAL18","L04",4465,5347,223,324,335,363613.0439,692,64,756,4.17056293248551,6.05947260145876,6.26519543669347,83.5047690293623,0.0417056293248551,0.0605947260145876,0.0626519543669347,0.835047690293623,8.93,10.694,0.446,0.648,0.67,13.0763185233792,4.17438726989564,6.5410299991899,6.62936325343745,7.91239990330266,0.629681480756261,0.0846560846560847,"SAL","D114"
"SAL18","L05",2397,3044,141,260,246,201011.829,540,56,596,4.63206307490145,8.54139290407359,8.08147174770039,78.7450722733246,0.0463206307490145,0.0854139290407359,0.0808147174770039,0.787450722733246,4.794,6.088,0.282,0.52,0.492,20.3046673480313,4.04305126783455,6.29341927884648,6.3919171133926,13.4899105154744,0.632525609470653,0.0939597315436242,"SAL","D114"
"SAL18","L06",1682,2163,63,204,214,158074.3864,385,61,446,2.9126213592233,9.43134535367545,9.89366620434582,77.7623670827554,0.029126213592233,0.0943134535367545,0.0989366620434582,0.777623670827554,3.364,4.326,0.126,0.408,0.428,32.6698728917869,4.12713438504509,5.95583736946483,6.10255859461357,19.5506507930767,0.676295740722246,0.13677130044843,"SAL","D114"
"SAL18","L07",1233,1849,263,193,161,105324.0982,30,4,34,14.2239048134127,10.4380746349378,8.70740941049216,66.6846944294213,0.142239048134127,0.104380746349378,0.0870740941049216,0.666846944294213,2.466,3.698,0.526,0.386,0.322,2.45177573463133,1.6094379124341,3.43398720448515,3.55534806148941,9.01199137604123,0.452680830286943,0.117647058823529,"SAL","D114"
"SAL18","L08",1909,2577,131,280,258,168558.1815,414,62,476,5.08343034536283,10.8653473030656,10.011641443539,74.0783857198293,0.0508343034536283,0.108653473030656,0.10011641443539,0.740783857198293,3.818,5.154,0.262,0.56,0.516,27.662019462394,4.14313472639153,6.0282785202307,6.16751649088834,16.448702555132,0.671767109583322,0.130252100840336,"SAL","D114"
"SAL18","L09",2995,3719,168,324,239,234779.0725,347,15,362,4.51734337187416,8.71201936004302,6.42645872546384,80.5324011831137,0.0451734337187416,0.0871201936004302,0.0642645872546384,0.805324011831137,5.99,7.438,0.336,0.648,0.478,4.20769426877945,2.77258872223978,5.85220247977447,5.89440283426485,7.50895917587857,0.470376525018344,0.0414364640883978,"SAL","D114"
"SAL18","L10",1061,1499,88,197,153,84281.58808,108,3,111,5.87058038692462,13.1420947298199,10.2068045363576,70.7805203468979,0.0587058038692462,0.131420947298199,0.102068045363576,0.707805203468979,2.122,2.998,0.176,0.394,0.306,2.05692684011563,1.38629436111989,4.69134788222914,4.71849887129509,9.30165099756308,0.293799871300889,0.027027027027027,"SAL","D114"
"SAL20","L01",3392,3929,180,188,170,269310.4993,137,4,141,4.58131840162891,4.78493255281242,4.32680071264953,86.3324001018071,0.0458131840162891,0.0478493255281242,0.0432680071264953,0.863324001018071,6.784,7.858,0.36,0.376,0.34,1.04779544952097,1.6094379124341,4.92725368515721,4.95582705760126,4.12005883804528,0.324756674058176,0.0283687943262411,"SAL","D114"
"SAL20","L02",3957,4873,274,339,305,324779.5484,600,71,671,5.62281961830495,6.95670018469116,6.25897804227375,81.2025446336959,0.0562281961830495,0.0695670018469116,0.0625897804227375,0.812025446336959,7.914,9.746,0.548,0.678,0.61,16.2942061700527,4.27666611901606,6.39859493453521,6.51025834052315,8.92940537504011,0.656911891252597,0.105812220566319,"SAL","D114"
"SAL20","L03",425,663,40,79,122,41309.18285,76,7,83,6.03318250377074,11.9155354449472,18.4012066365008,64.1025641025641,0.0603318250377074,0.119155354449472,0.184012066365008,0.641025641025641,0.85,1.326,0.08,0.158,0.244,11.5305231404303,2.07944154167984,4.34380542185368,4.43081679884331,31.9923850301163,0.469313365026215,0.0843373493975904,"SAL","D114"
"SAL20","L04",9901,16018,3464,1262,1474,971551.6238,2147,246,2393,21.62567111999,7.87863653389936,9.20214758396804,61.8117118241978,0.2162567111999,0.0787863653389936,0.0920214758396804,0.618117118241978,19.802,32.036,6.928,2.524,2.948,17.1173870941535,5.50938833662798,7.67229245562876,7.78072088611792,3.48810687542656,0.70808199102189,0.1027998328458,"SAL","D114"
"SAL20","L05",9459,15451,4162,905,1029,918150.3648,2564,159,2723,26.9367678467413,5.85722606951006,6.65976312212802,61.2193385541389,0.269367678467413,0.0585722606951006,0.0665976312212802,0.612193385541389,18.918,30.902,8.324,1.81,2.058,10.9287414665314,5.07517381523383,7.84971375760487,7.9098566672694,3.30985616748636,0.64162652102593,0.0583914799853103,"SAL","D114"
"SAL19","L01",12477,19265,3302,2133,1461,1246700.883,3002,277,3279,17.1398909940306,11.0718920321827,7.58370101219829,64.7651180898002,0.171398909940306,0.110718920321827,0.0758370101219829,0.647651180898002,24.954,38.53,6.604,4.266,2.922,15.7051281497083,5.62762111369064,8.00736706798333,8.09559870137819,2.95335104354052,0.695145760218153,0.0844769746874047,"SAL","D114"
"SAL19","L02",272,400,34,58,37,26514.9946,61,4,65,8.5,14.5,9.25,68,0.085,0.145,0.0925,0.68,0.544,0.8,0.068,0.116,0.074,10.655737704918,1.6094379124341,4.12713438504509,4.18965474202643,40.8454665679185,0.384145714034579,0.0615384615384615,"SAL","D114"
"SAL19","L03",2464,3205,158,318,271,232245.1141,369,13,382,4.92979719188768,9.92199687987519,8.45553822152886,76.8798751950078,0.0492979719188768,0.0992199687987519,0.0845553822152886,0.768798751950078,4.928,6.41,0.316,0.636,0.542,4.19906227143395,2.63905732961526,5.91350300563827,5.94803498918065,8.28227189334442,0.443685575894501,0.0340314136125654,"SAL","D114"
"SAL19","L04",104,383,154,90,57,17363.1093,44,0,44,40.2088772845953,23.4986945169713,14.8825065274151,27.154046997389,0.402088772845953,0.234986945169713,0.148825065274151,0.27154046997389,0.208,0.766,0.308,0.18,0.114,0,0,3.80666248977032,3.80666248977032,0,0,0,"SAL","D114"
"SAL19","L05",1445,1611,47,52,69,109802.645,103,7,110,2.91744258224705,3.22780881440099,4.28305400372439,89.6958410924891,0.0291744258224705,0.0322780881440099,0.042830540037244,0.896958410924891,2.89,3.222,0.094,0.104,0.138,4.6404271603599,2.07944154167984,4.64439089914137,4.70953020131233,13.0888049616124,0.441539060753956,0.0636363636363636,"SAL","D114"
"SAL19","L06",1601,2489,431,273,219,170937.3054,348,45,393,17.3161912414624,10.9682603455203,8.79871434310968,64.3230212936922,0.173161912414624,0.109682603455203,0.0879871434310968,0.643230212936923,3.202,4.978,0.862,0.546,0.438,20.4174228675136,3.8286413964891,5.85507192220243,5.97635090929793,15.7008675392599,0.640631959969509,0.114503816793893,"SAL","D114"
"SAL19","L07",3035,4557,1086,209,276,280138.9261,471,58,529,23.8314680710994,4.58635066929998,6.05661619486504,66.6008338819399,0.238314680710994,0.0458635066929998,0.0605661619486504,0.666008338819399,6.07,9.114,2.172,0.418,0.552,14.2949858527069,4.07753744390572,6.15697898558556,6.27287700654617,9.11628786181844,0.650026684669656,0.109640831758034,"SAL","D114"
"SAL21","L01",7406,10188,892,979,926,630883.0508,2561,159,2720,8.75539850804869,9.60934432665881,9.0891244601492,72.6933647428347,0.0875539850804869,0.0960934432665881,0.0908912446014919,0.726933647428347,14.812,20.376,1.784,1.958,1.852,16.5755334272491,5.07517381523383,7.84854348245668,7.90875473878325,5.01973768946402,0.641715918986083,0.0584558823529412,"SAL","D114"
"SAL21","L02",1749,2447,134,321,252,171039.975,437,32,469,5.47609317531671,13.1181038005721,10.2983244789538,71.4752758479771,0.0547609317531671,0.131181038005721,0.102983244789538,0.714752758479771,3.498,4.894,0.268,0.642,0.504,14.0348383440611,3.49650756146648,6.08221891037645,6.1527326947041,14.4546141401015,0.568285302638949,0.0682302771855011,"SAL","D114"
"SAL21","L03",2206,2592,131,125,131,149185.8388,130,10,140,5.05401234567901,4.82253086419753,5.05401234567901,85.108024691358,0.0505401234567901,0.0482253086419753,0.0505401234567901,0.85108024691358,4.412,5.184,0.262,0.25,0.262,4.15479582146249,2.39789527279837,4.87519732320115,4.94875989037817,9.39073096501624,0.484544679053954,0.0714285714285714,"SAL","D114"
"SAL21","L04",2407,3394,149,262,583,188109.8228,795,53,848,4.39010017678256,7.71950500883913,17.1773718326458,70.9192692987625,0.0439010017678256,0.0771950500883913,0.171773718326458,0.709192692987625,4.814,6.788,0.298,0.524,1.166,16.6568454134748,3.98898404656427,6.67959918584438,6.74405918631135,11.8664668778908,0.591481174225288,0.0625,"SAL","D114"
"SAL21","L05",1449,1964,96,234,185,111387.9617,301,19,320,4.88798370672098,11.9144602851324,9.41955193482688,73.7780040733198,0.0488798370672098,0.119144602851324,0.0941955193482688,0.737780040733198,2.898,3.928,0.192,0.468,0.37,10.2847940672977,2.99573227355399,5.71042701737487,5.77144112313002,15.416195137324,0.519061393790901,0.059375,"SAL","D114"
"SAL21","L06",1693,2425,109,351,276,170466.9265,368,35,403,4.49484536082474,14.4742268041237,11.3814432989691,69.8144329896907,0.0449484536082474,0.144742268041237,0.113814432989691,0.698144329896907,3.386,4.85,0.218,0.702,0.552,15.8056925145675,3.58351893845611,5.91079664404053,6.00141487796115,15.003949494668,0.597112349558731,0.086848635235732,"SAL","D114"
"SAL21","L07",584,815,133,67,34,54824.41312,47,2,49,16.319018404908,8.22085889570552,4.17177914110429,71.6564417177914,0.16319018404908,0.0822085889570552,0.0417177914110429,0.716564417177914,1.168,1.63,0.266,0.134,0.068,2.55841273985119,1.09861228866811,3.87120101090789,3.91202300542815,13.6220516109797,0.280829710649381,0.0408163265306122,"SAL","D114"
"SAL21","L08",4363,5741,291,648,441,318108.533,741,64,805,5.06880334436509,11.287232189514,7.68158857341927,75.997213029089,0.0506880334436509,0.11287232189514,0.0768158857341927,0.75997213029089,8.726,11.482,0.582,1.296,0.882,12.1107237967495,4.17438726989564,6.60934924316738,6.69208374250663,7.36220415762771,0.623779891363411,0.0795031055900621,"SAL","D114"
"SAL21","L09",621,750,24,72,34,41944.14931,6,2,8,3.2,9.6,4.53333333333333,82.8,0.032,0.096,0.0453333333333333,0.828,1.242,1.5,0.048,0.144,0.068,3.55555555555556,1.09861228866811,1.94591014905531,2.19722457733622,16.5399752076394,0.5,0.25,"SAL","D114"
"SAL21","L10",1438,1820,62,220,103,115380.9767,59,8,67,3.40659340659341,12.0879120879121,5.65934065934066,79.010989010989,0.0340659340659341,0.120879120879121,0.0565934065934066,0.79010989010989,2.876,3.64,0.124,0.44,0.206,4.99161855094058,2.19722457733622,4.0943445622221,4.21950770517611,12.44172094477,0.520730078212884,0.119402985074627,"SAL","D114"
"SAL21","L11",1961,2249,67,145,76,125769.1461,26,0,26,2.97910182303246,6.44730991551801,3.37927967985771,87.1943085815918,0.0297910182303246,0.0644730991551801,0.0337927967985771,0.871943085815918,3.922,4.498,0.134,0.29,0.152,0,0,3.29583686600433,3.29583686600433,0,0,0,"SAL","D114"
"SAL23","L01",2704,3294,144,261,187,244280.2335,90,4,94,4.37158469945355,7.92349726775956,5.67698846387371,82.0886460230723,0.0437158469945355,0.0792349726775956,0.0567698846387371,0.820886460230723,5.408,6.588,0.288,0.522,0.374,1.26829926465628,1.6094379124341,4.51085950651685,4.55387689160054,4.93256273490756,0.353421480366026,0.0425531914893617,"SAL","D114"
"SAL23","L02",2700,3395,93,338,265,230527.0703,237,28,265,2.73932253313697,9.95581737849779,7.80559646539028,79.5287187039764,0.0273932253313697,0.0995581737849779,0.0780559646539028,0.795287187039764,5.4,6.79,0.186,0.676,0.53,9.22180173126278,3.36729582998647,5.47227067367148,5.5834963087817,10.1199917069884,0.603080156906418,0.105660377358491,"SAL","D114"
"SAL23","L03",9614,14787,4006,638,581,794111.9088,1453,281,1734,27.0913640359775,4.3146006627443,3.92912693582201,65.0165686075607,0.270913640359775,0.043146006627443,0.0392912693582201,0.650165686075607,19.228,29.574,8.012,1.276,1.162,22.6782597816733,5.64190707093811,7.28207365809346,7.45876269238096,3.90802720235102,0.756413269013272,0.162053056516724,"SAL","D114"
"SAL23","L04",1280,1467,23,107,62,98630.96994,50,7,57,1.56782549420586,7.29379686434901,4.22631220177232,87.252897068848,0.0156782549420586,0.0729379686434901,0.0422631220177232,0.87252897068848,2.56,2.934,0.046,0.214,0.124,5.43967280163599,2.07944154167984,3.93182563272433,4.06044301054642,14.6384728544691,0.51212183899116,0.12280701754386,"SAL","D114"
"SAL23","L05",1303,1488,38,76,79,116530.4054,72,4,76,2.55376344086022,5.10752688172043,5.30913978494624,87.5672043010753,0.0255376344086022,0.0510752688172043,0.0530913978494624,0.875672043010753,2.606,2.976,0.076,0.152,0.158,2.83751493428913,1.6094379124341,4.29045944114839,4.34380542185368,10.9505985635165,0.370513353184979,0.0526315789473684,"SAL","D114"
"SAL23","L06",1297,1881,277,184,129,99770.40352,38,0,38,14.7262094630516,9.78203083466241,6.85805422647528,68.9526847421584,0.147262094630516,0.0978203083466241,0.0685805422647528,0.689526847421584,2.594,3.762,0.554,0.368,0.258,0,0,3.66356164612965,3.66356164612965,0,0,0,"SAL","D114"
"SAL23","L07",1356,1761,101,127,177,109052.456,105,8,113,5.73537762634867,7.21181147075525,10.0511073253833,77.0017035775128,0.0573537762634867,0.0721181147075525,0.100511073253833,0.770017035775128,2.712,3.522,0.202,0.254,0.354,4.88899705254049,2.19722457733622,4.66343909411207,4.7361984483945,12.6718106364089,0.463921560989711,0.0707964601769911,"SAL","D114"
"SAL22","L01",45247,65598,7983,6331,6187,3284039.151,37,4,41,12.1695783408031,9.65120887831946,9.43168999054849,68.9761882984237,0.121695783408031,0.0965120887831946,0.0943168999054849,0.689761882984237,90.494,131.196,15.966,12.662,12.374,0.06756962761719,1.6094379124341,3.63758615972639,3.73766961828337,0.252099074087443,0.430599297637569,0.0975609756097561,"SAL","D114"
"SAL24","L01",5788,6935,608,326,224,454484.0732,973,300,1273,8.76712328767123,4.70079307858688,3.22999279019467,83.4607065609229,0.0876712328767123,0.0470079307858688,0.0322999279019466,0.834607065609229,11.576,13.87,1.216,0.652,0.448,56.5966013881654,5.70711026474888,6.88141130364254,7.14991683613211,8.55053466264702,0.798206524012698,0.2356637863315,"SAL","D114"
"SAL24","L02",1159,1275,34,48,34,85622.43656,52,0,52,2.66666666666667,3.76470588235294,2.66666666666667,90.9019607843137,0.0266666666666667,0.0376470588235294,0.0266666666666667,0.909019607843137,2.318,2.55,0.068,0.096,0.068,0,0,3.97029191355212,3.97029191355212,0,0,0,"SAL","D114"
"SAL24","L03",13400,18454,2103,1381,1619,1153558.226,1924,460,2384,11.3959033271919,7.48347241790398,8.77316570933131,72.6129836349843,0.113959033271919,0.0748347241790398,0.0877316570933131,0.726129836349843,26.8,36.908,4.206,2.762,3.238,30.8864858555982,6.13339804299665,7.56268124672188,7.77695440332244,3.41778225512809,0.788663238192108,0.192953020134228,"SAL","D114"
"SAL24","L04",6834,8353,274,680,570,536203.45,874,201,1075,3.28025858972824,8.1407877409314,6.82389560636897,81.8149167963606,0.0328025858972824,0.081407877409314,0.0682389560636897,0.818149167963606,13.668,16.706,0.548,1.36,1.14,29.597198666068,5.30826769740121,6.77422388635761,6.98100574072173,6.54890641309921,0.760387241402327,0.186976744186047,"SAL","D114"
"SAL24","L05",2580,3403,438,216,172,190053.8564,475,84,559,12.8709961798413,6.34734058183955,5.05436379665001,75.8154569497502,0.128709961798413,0.0634734058183955,0.0505436379665001,0.758154569497502,5.16,6.806,0.876,0.432,0.344,29.049290873378,4.44265125649032,6.16541785423142,6.32793678372919,13.3992314823848,0.702069475142917,0.150268336314848,"SAL","D114"
"SAL24","L06",19788,28567,3209,3032,2615,1686043.524,7154,1135,8289,11.2332411523786,10.6136451149928,9.1539188574229,69.2687366541814,0.112332411523786,0.106136451149928,0.091539188574229,0.692687366541814,39.576,57.134,6.418,6.064,5.23,46.0346060097241,7.0352685992811,8.87556669199055,9.02280524812934,2.5035803833892,0.779720763754675,0.136928459404029,"SAL","D114"
"SAL24","L07",11098,12370,195,554,533,745604.3555,1256,142,1398,1.57639450282943,4.47857720291027,4.3088116410671,89.7170573969281,0.0157639450282943,0.0447857720291027,0.043088116410671,0.897170573969281,22.196,24.74,0.39,1.108,1.066,12.7772142382691,4.96284463025991,7.13648320859025,7.24351297466548,4.07217068905817,0.685143334127748,0.101573676680973,"SAL","D114"
"SAL24","L08",10910,13558,916,1115,632,799379.2903,1888,192,2080,6.75615872547573,8.2239268328662,4.66145449181295,80.4690957368343,0.0675615872547573,0.082239268328662,0.0466145449181295,0.804690957368343,21.82,27.116,1.832,2.23,1.264,15.601521148312,5.26269018890489,7.54380286750151,7.64060382639363,3.93142074673505,0.688779356773544,0.0923076923076923,"SAL","D114"
"SAL24","L09",3752,4017,35,115,115,232227.8914,437,43,480,0.871296987801842,2.86283295992034,2.86283295992034,93.4030370923575,0.00871296987801842,0.0286283295992034,0.0286283295992034,0.934030370923575,7.504,8.034,0.07,0.23,0.23,11.757809629441,3.78418963391826,6.08221891037645,6.17586727010576,9.56548437256708,0.612738173994704,0.0895833333333333,"SAL","D114"
"SAL24","L10",4683,5598,285,488,145,341823.4108,524,20,544,5.09110396570204,8.71739907109682,2.5902107895677,83.6548767416935,0.0509110396570204,0.0871739907109682,0.025902107895677,0.836548767416935,9.366,11.196,0.57,0.976,0.29,3.70906730593533,3.04452243772342,6.26339826259162,6.30078579466324,5.4710536403576,0.483197260935633,0.0367647058823529,"SAL","D114"
"SAL24","L11",28162,33825,1847,2089,1764,2118670.129,4575,585,5160,5.46045824094605,6.17590539541759,5.21507760532151,83.2579453067258,0.0546045824094605,0.0617590539541759,0.0521507760532151,0.832579453067258,56.324,67.65,3.694,4.178,3.528,19.5063792664752,6.37331978957701,8.42858053305963,8.54888563814873,1.91109806023924,0.745514685696177,0.113372093023256,"SAL","D114"
"SAL24","L12",10051,11086,415,330,294,679597.1681,1361,77,1438,3.74346022009742,2.97672740393289,2.65199350532203,90.6639004149378,0.0374346022009742,0.0297672740393289,0.0265199350532203,0.906639004149378,20.102,22.172,0.83,0.66,0.588,7.33865737153771,4.35670882668959,7.21670948670946,7.27170370688737,3.95986712518706,0.599131785658862,0.0535465924895688,"SAL","D114"
"SAL24","L13",1393,1492,12,41,46,100348.4495,149,20,169,0.804289544235925,2.74798927613941,3.08310991957105,93.3646112600536,0.00804289544235925,0.0274798927613941,0.0308310991957105,0.933646112600536,2.786,2.984,0.024,0.082,0.092,15.2041312053547,3.04452243772342,5.01063529409626,5.13579843705026,20.9153691217755,0.592804113136504,0.118343195266272,"SAL","D114"
"SAL24","L14",8946,11711,1142,968,687,724813.0243,1099,161,1260,9.75151566902912,8.26573307147127,5.86627956621979,76.3897190675433,0.0975151566902912,0.0826573307147127,0.0586627956621979,0.763897190675433,17.892,23.422,2.284,1.936,1.374,15.7617613577958,5.08759633523238,7.00306545878646,7.13966033596492,4.42902396362062,0.71258240530077,0.127777777777778,"SAL","D114"
"BCG14","L01",3629,4818,235,548,458,397481.2197,24,2,26,4.87754254877543,11.3740141137401,9.50601909506019,75.3217102532171,0.0487754254877543,0.113740141137401,0.0950601909506019,0.753217102532171,7.258,9.636,0.47,1.096,0.916,0.449702504497025,1.09861228866811,3.2188758248682,3.29583686600433,2.33474331750709,0.333333333333333,0.0769230769230769,"BCG","D56"
"BCG14","L02",2140,2556,63,173,199,263914.7234,17,2,19,2.46478873239437,6.76838810641628,7.78560250391236,83.7245696400626,0.0246478873239437,0.0676838810641628,0.0778560250391236,0.837245696400626,4.28,5.112,0.126,0.346,0.398,0.874528215041885,1.09861228866811,2.89037175789616,2.99573227355399,4.45484805918477,0.366725791342085,0.105263157894737,"BCG","D56"
"BCG13","L01",942,1046,78,10,17,76780.65797,24,1,25,7.45697896749522,0.956022944550669,1.62523900573614,90.057361376673,0.0745697896749522,0.00956022944550669,0.0162523900573614,0.90057361376673,1.884,2.092,0.156,0.02,0.034,0.995857233906947,0.693147180559945,3.2188758248682,3.25809653802148,6.70738911503791,0.212746053553363,0.04,"BCG","D56"
"BCG13","L02",8050,9285,722,206,319,650261.8091,975,100,1075,7.77598276790522,2.21863220247711,3.43564889606893,86.6989768443726,0.0777598276790522,0.0221863220247711,0.0343564889606893,0.866989768443726,16.1,18.57,1.444,0.412,0.638,11.8746806953592,4.61512051684126,6.88346258641309,6.98100574072173,5.04094753321485,0.661096794394575,0.0930232558139535,"BCG","D56"
"BCG13","L03",1636,1812,34,42,105,117579.7527,37,1,38,1.87637969094923,2.31788079470199,5.79470198675497,90.2869757174393,0.0187637969094923,0.0231788079470199,0.0579470198675497,0.902869757174393,3.272,3.624,0.068,0.084,0.21,0.566791957520434,0.693147180559945,3.63758615972639,3.66356164612965,3.852631601449,0.18920035951687,0.0263157894736842,"BCG","D56"
"BCG13","L04",1476,1790,74,94,155,143644.7305,56,3,59,4.1340782122905,5.25139664804469,8.65921787709497,82.4581005586592,0.041340782122905,0.0525139664804469,0.0865921787709497,0.824581005586592,2.952,3.58,0.148,0.188,0.31,1.7657621707901,1.38629436111989,4.04305126783455,4.0943445622221,7.84291603406096,0.338587615197563,0.0508474576271186,"BCG","D56"
"BCG13","L05",1764,2314,245,71,248,140216.4871,97,2,99,10.5877268798617,3.06828003457217,10.7173725151253,76.2316335350043,0.105877268798617,0.0306828003457217,0.107173725151253,0.762316335350043,3.528,4.628,0.49,0.142,0.496,0.882124940968912,1.09861228866811,4.58496747867057,4.60517018598809,4.76859591891578,0.238560627359831,0.0202020202020202,"BCG","D56"
"BCG13","L06",2580,2875,110,64,125,193349.2621,146,11,157,3.82608695652174,2.22608695652174,4.34782608695652,89.7391304347826,0.0382608695652174,0.0222608695652174,0.0434782608695652,0.897391304347826,5.16,5.75,0.22,0.128,0.25,4.1143537820131,2.484906649788,4.99043258677874,5.06259503302697,8.76813493506587,0.490836544020835,0.0700636942675159,"BCG","D56"
"BCG13","L07",965,1177,62,65,87,87256.95663,71,15,86,5.26762956669499,5.52251486830926,7.39167374681393,81.9881053525913,0.0526762956669499,0.0552251486830926,0.0739167374681393,0.819881053525913,1.93,2.354,0.124,0.13,0.174,15.4367154498785,2.77258872223978,4.27666611901606,4.46590811865458,24.5987720010387,0.62083425108062,0.174418604651163,"BCG","D56"
"BCG13","L08",897,1120,116,41,71,70290.65008,72,7,79,10.3571428571429,3.66071428571429,6.33928571428571,80.0892857142857,0.103571428571429,0.0366071428571429,0.0633928571428571,0.800892857142857,1.794,2.24,0.232,0.082,0.142,6.85763888888889,2.07944154167984,4.29045944114839,4.38202663467388,18.9626882494393,0.474538772819347,0.0886075949367089,"BCG","D56"
"BCG13","L09",7278,9004,889,373,503,551129.2707,1224,286,1510,9.87338960462017,4.14260328742781,5.58640604175922,80.8307418924922,0.0987338960462017,0.0414260328742781,0.0558640604175922,0.808307418924922,14.556,18.008,1.778,0.746,1.006,39.1855616820992,5.65948221575962,7.11069612297883,7.32052696227274,6.47100057423304,0.773097653341963,0.189403973509934,"BCG","D56"
"BCG13","L10",10107,16378,4904,595,863,958931.9813,2009,426,2435,29.9426059347906,3.63292221272439,5.26926364635487,61.7108316033704,0.299426059347906,0.0363292221272439,0.0526926364635487,0.617108316033704,20.214,32.756,9.808,1.19,1.726,31.5259194170864,6.05678401322862,7.60589000105312,7.79811262882979,3.79158401221263,0.776698709228252,0.174948665297741,"BCG","D56"
"BCG13","L11",2176,2336,40,53,68,175586.6969,33,0,33,1.71232876712329,2.26883561643836,2.91095890410959,93.1506849315068,0.0171232876712329,0.0226883561643836,0.0291095890410959,0.931506849315068,4.352,4.672,0.08,0.106,0.136,0,0,3.52636052461616,3.52636052461616,0,0,0,"BCG","D56"
"BCG13","L12",2233,2826,244,156,204,208246.6288,101,8,109,8.6341118188252,5.52016985138004,7.21868365180467,79.0162774239207,0.086341118188252,0.0552016985138004,0.0721868365180467,0.790162774239207,4.466,5.652,0.488,0.312,0.408,3.05508257832153,2.19722457733622,4.62497281328427,4.70048036579242,7.90196950752085,0.467446815292847,0.073394495412844,"BCG","D56"
"BCG13","L13",1261,1451,62,57,81,116703.535,14,1,15,4.27291523087526,3.92832529290145,5.58235699517574,86.9055823569952,0.0427291523087526,0.0392832529290145,0.0558235699517574,0.869055823569952,2.522,2.902,0.124,0.114,0.162,0.738407009943881,0.693147180559945,2.70805020110221,2.77258872223978,4.89087755309762,0.25,0.0666666666666667,"BCG","D56"
"BCG16","L01",403,449,13,18,18,112630.622,25,0,25,2.89532293986637,4.00890868596882,4.00890868596882,89.7550111358575,0.0289532293986637,0.0400890868596882,0.0400890868596882,0.897550111358575,0.806,0.898,0.026,0.036,0.036,0,0,3.25809653802148,3.25809653802148,0,0,0,"BCG","D56"
"BCG16","L02",1014,1219,67,86,58,111088.079,16,0,16,5.49630844954881,7.05496308449549,4.75799835931091,83.1829368334701,0.0549630844954881,0.0705496308449549,0.0475799835931091,0.831829368334701,2.028,2.438,0.134,0.172,0.116,0,0,2.83321334405622,2.83321334405622,0,0,0,"BCG","D56"
"BCG16","L03",690,830,64,36,49,70293.98171,20,2,22,7.71084337349398,4.33734939759036,5.90361445783132,83.1325301204819,0.0771084337349398,0.0433734939759036,0.0590361445783133,0.831325301204819,1.38,1.66,0.128,0.072,0.098,2.65060240963855,1.09861228866811,3.04452243772342,3.13549421592915,13.6317993527511,0.350379306422211,0.0909090909090909,"BCG","D56"
"BCG16","L04",1117,1245,60,33,35,115279.2648,13,1,14,4.81927710843374,2.65060240963855,2.81124497991968,89.718875502008,0.0481927710843374,0.0265060240963855,0.0281124497991968,0.89718875502008,2.234,2.49,0.12,0.066,0.07,0.864998455359901,0.693147180559945,2.63905732961526,2.70805020110221,5.71299699740461,0.255958024809815,0.0714285714285714,"BCG","D56"
"BCG09","L01",11346,14872,1952,677,935,1165429.332,37,19,56,13.1253362022593,4.55217859064013,6.28698224852071,76.2910166756321,0.131253362022593,0.0455217859064013,0.0628698224852071,0.762910166756321,22.692,29.744,3.904,1.354,1.87,1.9336173182327,2.99573227355399,3.63758615972639,4.04305126783455,2.23887362948816,0.740958270152854,0.339285714285714,"BCG","D56"
"BCG10","L01",3141,4389,377,344,562,286409.516,17,7,24,8.58965595807701,7.83777625882889,12.8047391205286,71.5652768284347,0.0858965595807701,0.0783777625882889,0.128047391205286,0.715652768284347,6.282,8.778,0.754,0.688,1.124,2.25161835068956,2.07944154167984,2.89037175789616,3.2188758248682,5.27632639192189,0.64601483711009,0.291666666666667,"BCG","D56"
"BCG11","L01",6846,14039,5467,981,870,620818.8121,46,38,84,38.9415200512857,6.98767718498469,6.19702257995584,48.7641569912387,0.389415200512857,0.0698767718498468,0.0619702257995584,0.487641569912387,13.692,28.078,10.934,1.962,1.74,4.94275264248352,3.66356164612965,3.85014760171006,4.44265125649032,3.01114849563154,0.824634083257719,0.452380952380952,"BCG","D56"
"BCG11","L02",1274,1624,79,98,184,110830.1015,2,1,3,4.86453201970443,6.03448275862069,11.3300492610837,78.448275862069,0.0486453201970443,0.0603448275862069,0.113300492610837,0.78448275862069,2.548,3.248,0.158,0.196,0.368,0.923645320197044,0.693147180559945,1.09861228866811,1.38629436111989,5.38580270713592,0.5,0.333333333333333,"BCG","D56"
"BCG12","L01",9778,16326,4146,1457,1053,900798.3732,73,35,108,25.3950753399485,8.92441504348891,6.44983461962514,59.8921964963861,0.253950753399485,0.0892441504348891,0.0644983461962514,0.598921964963861,19.556,32.652,8.292,2.914,2.106,3.17167842201447,3.58351893845611,4.30406509320417,4.69134788222914,2.39248222482323,0.76385700408842,0.324074074074074,"BCG","D56"
"SAL14","L01",1052,1856,334,253,233,102424.1658,70,14,84,17.9956896551724,13.6314655172414,12.5538793103448,56.6810344827586,0.179956896551724,0.136314655172414,0.125538793103448,0.566810344827586,2.104,3.712,0.668,0.506,0.466,9.05172413793104,2.70805020110221,4.26267987704132,4.44265125649032,15.20681432191,0.609557231652156,0.166666666666667,"SAL","D56"
"SAL14","L02",8154,15785,4330,1802,1597,838310.6039,2908,651,3559,27.431105479886,11.4159011719987,10.1171998732974,51.6566360468799,0.27431105479886,0.114159011719987,0.101171998732974,0.516566360468799,16.308,31.57,8.66,3.604,3.194,50.4742632145591,6.48004456192665,7.9755646584952,8.17751582384608,4.209139884713,0.792422136687342,0.182916549592582,"SAL","D56"
"SAL14","L03",8707,11097,359,1062,954,696897.4555,2446,550,2996,3.23510858790664,9.57015409570154,8.59691808596918,78.4626475624043,0.0323510858790664,0.0957015409570154,0.0859691808596918,0.784626475624043,17.414,22.194,0.718,2.124,1.908,60.7075155521101,6.31173480915291,7.80261806344267,8.00536706731666,5.83558042613141,0.788437901232749,0.183578104138852,"SAL","D56"
"SAL15","L01",668,953,38,99,150,66383.7197,160,40,200,3.98740818467996,10.3882476390346,15.7397691500525,70.0944386149003,0.0398740818467996,0.103882476390346,0.157397691500525,0.700944386149003,1.336,1.906,0.076,0.198,0.3,52.4658971668416,3.71357206670431,5.08140436498446,5.30330490805908,40.6688410685307,0.700237329568029,0.2,"SAL","D56"
"SAL15","L02",1073,1544,177,135,169,100135.3017,208,52,260,11.4637305699482,8.74352331606218,10.9455958549223,69.4948186528497,0.114637305699482,0.0874352331606218,0.109455958549223,0.694948186528497,2.146,3.088,0.354,0.27,0.338,42.0984455958549,3.97029191355212,5.34233425196481,5.56452040732269,26.783777331711,0.713501186612124,0.2,"SAL","D56"
"SAL15","L03",6890,11967,3002,1044,1190,633254.0424,1485,266,1751,25.0856522102448,8.72399097518175,9.94401270159605,57.5749979109217,0.250856522102448,0.0872399097518175,0.0994401270159606,0.575749979109217,13.78,23.934,6.004,2.088,2.38,26.2093371811764,5.58724865840025,7.3038432252777,7.46851327149634,4.77414300017931,0.748107214286416,0.151913192461451,"SAL","D56"
"SAL15","L04",6408,9456,1064,943,1078,564551.4736,1578,297,1875,11.2521150592217,9.97250423011844,11.4001692047377,67.7664974619289,0.112521150592217,0.0997250423011844,0.114001692047377,0.677664974619289,12.816,18.912,2.128,1.886,2.156,37.3201395456563,5.6970934865054,7.36454701425564,7.53689712956617,6.16584256073292,0.755893756882593,0.1584,"SAL","D56"
"SAL15","L05",3785,4828,363,306,400,320397.6498,370,32,402,7.51864125932063,6.33802816901408,8.28500414250207,78.3968516984258,0.0751864125932063,0.0633802816901408,0.0828500414250207,0.783968516984259,7.57,9.656,0.726,0.612,0.8,7.20123603305045,3.49650756146648,5.91620206260743,5.99893656194668,7.3434219139786,0.582854565198444,0.0796019900497512,"SAL","D56"
"SAL16","L01",467,732,58,117,104,48647.52237,51,8,59,7.92349726775956,15.9836065573771,14.207650273224,63.7978142076503,0.0792349726775956,0.159836065573771,0.14207650273224,0.637978142076503,0.934,1.464,0.116,0.234,0.208,12.6433086895961,2.19722457733622,3.95124371858143,4.0943445622221,31.1038348234392,0.536648673296742,0.135593220338983,"SAL","D56"
"SAL16","L02",995,1588,277,165,161,105377.6999,233,44,277,17.4433249370277,10.3904282115869,10.1385390428212,62.6574307304786,0.174433249370277,0.103904282115869,0.101385390428212,0.626574307304786,1.99,3.176,0.554,0.33,0.322,32.9401844304386,3.80666248977032,5.4553211153577,5.62762111369064,24.7285359893889,0.676424800615954,0.15884476534296,"SAL","D56"
"SAL16","L03",2173,2441,41,172,59,165088.065,381,50,431,1.67963949201147,7.04629250307251,2.41704219582138,89.0208930766079,0.0167963949201147,0.0704629250307251,0.0241704219582138,0.890208930766079,4.346,4.882,0.082,0.344,0.118,23.1715197828866,3.93182563272433,5.94542060860658,6.06842558824411,16.44068532334,0.647915274818751,0.116009280742459,"SAL","D56"
"SAL16","L04",771,969,34,86,78,66821.83559,109,19,128,3.50877192982456,8.87512899896801,8.04953560371517,79.5665634674923,0.0350877192982456,0.0887512899896801,0.0804953560371517,0.795665634674923,1.542,1.938,0.068,0.172,0.156,23.0257240510883,2.99573227355399,4.70048036579242,4.85981240436167,31.9636586006948,0.616429611740842,0.1484375,"SAL","D56"
"SAL16","L05",3671,4923,199,576,477,383169.8286,993,237,1230,4.04225066016657,11.7001828153565,9.68921389396709,74.5683526305098,0.0404225066016657,0.117001828153565,0.0968921389396709,0.745683526305098,7.342,9.846,0.398,1.152,0.954,59.6313131592077,5.47227067367148,6.90173720665657,7.11558212618445,11.4601354717162,0.769054530835109,0.192682926829268,"SAL","D56"
"SAL16","L06",831,968,51,35,55,70834.84389,172,26,198,5.26859504132231,3.61570247933884,5.68181818181818,85.8471074380165,0.0526859504132231,0.0361570247933884,0.0568181818181818,0.858471074380165,1.662,1.936,0.102,0.07,0.11,30.9196617336152,3.29583686600433,5.15329159449778,5.29330482472449,34.9729717445266,0.622642559825727,0.131313131313131,"SAL","D56"
"SAL09","L01",729,885,21,65,70,65148.50644,18,7,25,2.3728813559322,7.34463276836158,7.90960451977401,82.3728813559322,0.023728813559322,0.0734463276836158,0.0790960451977401,0.823728813559322,1.458,1.77,0.042,0.13,0.14,10.9855618330195,2.07944154167984,2.94443897916644,3.25809653802148,25.9994903613303,0.638238160660089,0.28,"SAL","D56"
"SAL09","L02",4494,5264,144,308,320,352156.4301,172,90,262,2.73556231003039,5.85106382978723,6.0790273556231,85.3723404255319,0.027355623100304,0.0585106382978723,0.060790273556231,0.853723404255319,8.988,10.528,0.288,0.616,0.64,26.0435074574115,4.51085950651685,5.15329159449778,5.57215403217776,9.26577641137536,0.809536039468362,0.343511450381679,"SAL","D56"
"SAL09","L03",2353,2915,150,212,204,228411.25,42,44,86,5.14579759862779,7.27272727272727,6.99828473413379,80.7204116638079,0.0514579759862779,0.0727272727272727,0.0699828473413379,0.807204116638079,4.706,5.83,0.3,0.424,0.408,30.9074573225517,3.80666248977032,3.76120011569356,4.46590811865458,15.5056207154802,0.852382626026155,0.511627906976744,"SAL","D56"
"SAL09","L04",2698,3065,96,162,110,210534.8916,154,59,213,3.13213703099511,5.28548123980424,3.58890701468189,88.026101141925,0.0313213703099511,0.0528548123980424,0.0358890701468189,0.88026101141925,5.396,6.13,0.192,0.324,0.22,26.6244359229677,4.0943445622221,5.04342511691925,5.36597601502185,14.2127153947222,0.763019542159737,0.276995305164319,"SAL","D56"
"SAL09","L05",2631,3670,206,476,373,238261.4883,99,19,118,5.61307901907357,12.9700272479564,10.1634877384196,71.6893732970027,0.0561307901907357,0.129700272479564,0.101634877384196,0.716893732970027,5.262,7.34,0.412,0.952,0.746,6.17069881375058,2.99573227355399,4.60517018598809,4.77912349311153,8.47109402931951,0.626837175869579,0.161016949152542,"SAL","D56"
"SAL09","L06",707,755,27,10,11,57075.74225,100,32,132,3.57615894039735,1.32450331125828,1.45695364238411,93.6423841059603,0.0357615894039735,0.0132450331125828,0.0145695364238411,0.936423841059603,1.414,1.51,0.054,0.02,0.022,55.9470198675497,3.49650756146648,4.61512051684126,4.89034912822175,49.0731954882992,0.714981174102368,0.242424242424242,"SAL","D56"
"SAL09","L07",2621,2948,79,137,112,221462.9422,301,73,374,2.6797829036635,4.6472184531886,3.79918588873813,88.9077340569878,0.026797829036635,0.046472184531886,0.0379918588873813,0.889077340569878,5.242,5.896,0.158,0.274,0.224,30.7680864779095,4.30406509320417,5.71042701737487,5.92692602597041,15.1534762665143,0.726188427921111,0.195187165775401,"SAL","D56"
"SAL09","L08",864,1105,38,111,103,68183.70586,18,8,26,3.43891402714932,10.0452488687783,9.32126696832579,78.1900452488688,0.0343891402714932,0.100452488687783,0.0932126696832579,0.781900452488688,1.728,2.21,0.076,0.222,0.206,10.4575163398693,2.19722457733622,2.94443897916644,3.29583686600433,22.2574455247911,0.666666666666667,0.307692307692308,"SAL","D56"
"SAL09","L10",8095,8869,243,289,243,621509.555,281,15,296,2.73988048257977,3.25854098545495,2.73988048257977,91.2729732777089,0.0273988048257977,0.0325854098545496,0.0273988048257977,0.912729732777089,16.19,17.738,0.486,0.578,0.486,1.78156632582842,2.77258872223978,5.64190707093811,5.6937321388027,3.15487314215227,0.4869545413534,0.0506756756756757,"SAL","D56"
"SAL09","L11",13346,17793,2716,807,943,1012275.654,2298,1788,4086,15.2644298319564,4.53549148541561,5.29983701455629,75.0070252346428,0.152644298319564,0.0453549148541561,0.0529983701455629,0.750070252346428,26.692,35.586,5.432,1.614,1.886,178.676186061377,7.48941208350872,7.74022952476318,8.31556648356428,4.52206238254023,0.900649654874571,0.437591776798825,"SAL","D56"
"SAL09","L12",2054,2424,146,117,107,161265.3758,53,18,71,6.02310231023102,4.82673267326733,4.41419141914191,84.7359735973597,0.0602310231023102,0.0482673267326733,0.0441419141914191,0.847359735973597,4.108,4.848,0.292,0.234,0.214,9.9476928824958,2.94443897916644,3.98898404656427,4.27666611901606,13.0230584430488,0.688489327252854,0.253521126760563,"SAL","D56"
"SAL09","L13",638,669,12,6,15,55160.00167,16,3,19,1.79372197309417,0.896860986547085,2.24215246636771,95.3662182361734,0.0179372197309417,0.00896860986547085,0.0224215246636771,0.953662182361734,1.276,1.338,0.024,0.012,0.03,5.32511210762332,1.38629436111989,2.83321334405622,2.99573227355399,21.9105388569821,0.462756426319518,0.157894736842105,"SAL","D56"
"SAL10","L01",2691,3030,95,157,89,224603.0909,9,11,20,3.13531353135314,5.18151815181518,2.93729372937294,88.8118811881188,0.0313531353135314,0.0518151815181518,0.0293729372937294,0.888118811881188,5.382,6.06,0.19,0.314,0.178,8.06747341400807,2.484906649788,2.30258509299405,3.04452243772342,10.8435363629119,0.816189304108436,0.55,"SAL","D56"
"SAL10","L02",2036,2817,299,268,241,187590.983,33,55,88,10.6141285055023,9.51366702165424,8.55520056798012,72.2754703585374,0.106141285055023,0.0951366702165424,0.0855520056798012,0.722754703585375,4.072,5.634,0.598,0.536,0.482,52.0648443971128,4.02535169073515,3.52636052461616,4.48863636973214,18.1888271603472,0.896787210895269,0.625,"SAL","D56"
"SAL10","L03",2067,2885,332,258,233,172398.3273,1,11,12,11.5077989601386,8.94280762564991,8.07625649913345,71.6464471403813,0.115077989601386,0.0894280762564991,0.0807625649913345,0.716464471403813,4.134,5.77,0.664,0.516,0.466,45.7538994800693,2.484906649788,0.693147180559945,2.56494935746154,31.8726074965284,0.968793649886034,0.916666666666667,"SAL","D56"
"SAL10","L04",894,1132,42,111,85,80697.65647,1,3,4,3.71024734982332,9.80565371024735,7.50883392226149,78.9752650176678,0.0371024734982332,0.0980565371024735,0.0750883392226148,0.789752650176678,1.788,2.264,0.084,0.222,0.17,10.6007067137809,1.38629436111989,0.693147180559945,1.6094379124341,28.4352988062562,0.861353116146786,0.75,"SAL","D56"
"SAL10","L05",10849,16952,3486,1217,1497,967637.2328,153,144,297,20.5639452571968,7.17909391222275,8.83081642284096,63.9983482774894,0.205639452571968,0.0717909391222275,0.0883081642284096,0.639983482774894,21.698,33.904,6.972,2.434,2.994,16.4894650639869,4.97673374242057,5.03695260241363,5.6970934865054,3.32054174617433,0.873556622198471,0.484848484848485,"SAL","D56"
"SAL10","L06",7470,11181,1721,947,1092,685535.2708,535,327,862,15.3921831678741,8.46972542706377,9.7665682854843,66.8097665682855,0.153921831678741,0.0846972542706377,0.097665682854843,0.668097665682855,14.94,22.362,3.442,1.894,2.184,47.1216608281572,5.79301360838414,6.2841341610708,6.76041469108343,5.57380524339672,0.856902109278115,0.379350348027842,"SAL","D56"
"SAL10","L07",12462,17425,2397,1211,1420,1047428.661,796,345,1141,13.7560975609756,6.94978479196557,8.14921090387375,71.5179340028694,0.137560975609756,0.0694978479196557,0.0814921090387375,0.715179340028694,24.924,34.85,4.794,2.422,2.84,28.3804243599634,5.84643877505772,6.68085467879022,7.04053639021596,3.53583785978943,0.830396783856179,0.302366345311131,"SAL","D56"
"SAL10","L08",627,973,65,158,128,59446.26298,8,4,12,6.68036998972251,16.2384378211716,13.1551901336074,64.4398766700925,0.0668036998972251,0.162384378211716,0.131551901336074,0.644398766700925,1.254,1.946,0.13,0.316,0.256,6.16649537512847,1.6094379124341,2.19722457733622,2.56494935746154,19.3092645974492,0.627473563075303,0.333333333333333,"SAL","D56"
"SAL10","L09",1886,2556,122,241,309,188505.5409,82,24,106,4.77308294209703,9.42879499217527,12.0892018779343,73.7871674491393,0.0477308294209703,0.0942879499217527,0.120892018779343,0.737871674491393,3.772,5.112,0.244,0.482,0.618,12.1378678575518,3.2188758248682,4.4188406077966,4.67282883446191,13.317260969426,0.688849503994055,0.226415094339623,"SAL","D56"
"SAL10","L10",2192,2807,98,294,224,200556.382,4,6,10,3.49127182044888,10.4738154613466,7.98004987531172,78.0904880655504,0.0349127182044888,0.104738154613466,0.0798004987531172,0.780904880655504,4.384,5.614,0.196,0.588,0.448,5.34378339864624,1.94591014905531,1.6094379124341,2.39789527279837,10.3284786131379,0.811507562957249,0.6,"SAL","D56"
"SAL10","L11",1153,1917,93,317,374,119818.7449,10,8,18,4.85133020344288,16.5362545644236,19.509650495566,60.1460615545123,0.0485133020344288,0.165362545644236,0.19509650495566,0.601460615545123,2.306,3.834,0.186,0.634,0.748,7.51173708920188,2.19722457733622,2.39789527279837,2.94443897916644,14.0742312399886,0.746228600043274,0.444444444444444,"SAL","D56"
"SAL11","L01",2358,3077,338,219,172,192527.2946,1,1,2,10.9847253818655,7.11732206694833,5.58986025349366,76.6330841728957,0.109847253818655,0.0711732206694833,0.0558986025349366,0.766330841728957,4.716,6.154,0.676,0.438,0.344,0.64998375040624,0.693147180559945,0.693147180559945,1.09861228866811,3.5704006781544,0.630929753571457,0.5,"SAL","D56"
"SAL11","L02",420,548,42,48,40,39341.39697,20,31,51,7.66423357664234,8.75912408759124,7.2992700729927,76.6423357664234,0.0766423357664234,0.0875912408759124,0.072992700729927,0.766423357664234,0.84,1.096,0.084,0.096,0.08,144.251824817518,3.46573590279973,3.04452243772342,3.95124371858143,82.0785255539879,0.877125317909773,0.607843137254902,"SAL","D56"
"SAL11","L03",638,773,37,60,38,66670.14093,1,3,4,4.78654592496766,7.76196636481242,4.91591203104787,82.5355756791721,0.0478654592496766,0.0776196636481242,0.0491591203104787,0.825355756791721,1.276,1.546,0.074,0.12,0.076,15.5239327296248,1.38629436111989,0.693147180559945,1.6094379124341,41.6413431418913,0.861353116146786,0.75,"SAL","D56"
"SAL11","L04",2402,2784,101,98,189,174140.9888,6,5,11,3.62787356321839,3.52011494252874,6.78879310344828,86.2787356321839,0.0362787356321839,0.0352011494252874,0.0678879310344828,0.862787356321839,4.804,5.568,0.202,0.196,0.378,3.2926245210728,1.79175946922805,1.94591014905531,2.484906649788,8.21859865075801,0.72105705434887,0.454545454545455,"SAL","D56"
"SAL11","L05",915,1613,500,86,120,81454.8165,46,26,72,30.9981401115933,5.33168009919405,7.43955362678239,56.7265964042157,0.309981401115933,0.0533168009919405,0.0743955362678239,0.567265964042157,1.83,3.226,1,0.172,0.24,25.2297905603925,3.29583686600433,3.85014760171006,4.29045944114839,22.7697237431294,0.768178073050881,0.361111111111111,"SAL","D56"
"SAL11","L06",1050,1299,69,81,99,87786.82234,7,10,17,5.31177829099307,6.23556581986143,7.62124711316397,80.8314087759815,0.0531177829099307,0.0623556581986143,0.0762124711316397,0.808314087759815,2.1,2.598,0.138,0.162,0.198,18.6956999890025,2.39789527279837,2.07944154167984,2.89037175789616,25.6583101074731,0.829614829389194,0.588235294117647,"SAL","D56"
"SAL11","L07",307,412,19,41,45,36867.56675,12,11,23,4.61165048543689,9.95145631067961,10.9223300970874,74.5145631067961,0.0461165048543689,0.0995145631067961,0.109223300970874,0.745145631067961,0.614,0.824,0.038,0.082,0.09,51.1731391585761,2.484906649788,2.56494935746154,3.17805383034795,74.7300575203174,0.781895708014468,0.478260869565217,"SAL","D56"
"SAL11","L08",496,663,27,62,82,41222.17429,2,1,3,4.07239819004525,9.35143288084465,12.36802413273,74.8114630467572,0.0407239819004525,0.0935143288084465,0.1236802413273,0.748114630467572,0.992,1.326,0.054,0.124,0.164,2.26244343891403,0.693147180559945,1.09861228866811,1.38629436111989,13.1923734485501,0.5,0.333333333333333,"SAL","D56"
"SAL11","L09",6414,9050,1807,456,379,499024.0308,115,125,240,19.9668508287293,5.03867403314917,4.1878453038674,70.8729281767956,0.199668508287293,0.0503867403314917,0.041878453038674,0.708729281767956,12.828,18.1,3.614,0.912,0.758,28.8253663223637,4.83628190695148,4.75359019110636,5.48479693349065,6.16597619260936,0.881761342415562,0.520833333333333,"SAL","D56"
"SAL11","L10",2560,3171,208,159,254,204936.4268,2,2,4,6.559444970041,5.01419110690634,8.01009145380006,80.7316304005046,0.06559444970041,0.0501419110690634,0.0801009145380006,0.807316304005046,5.12,6.342,0.416,0.318,0.508,1.26143172500788,1.09861228866811,1.09861228866811,1.6094379124341,5.07549010543709,0.682606194485985,0.5,"SAL","D56"
"SAL11","L11",5317,8050,1917,378,451,422551.8582,84,114,198,23.8136645962733,4.69565217391304,5.60248447204969,66.0496894409938,0.238136645962733,0.0469565217391304,0.0560248447204969,0.660496894409938,10.634,16.1,3.834,0.756,0.902,33.3806566104703,4.74493212836325,4.44265125649032,5.29330482472449,7.02293753652062,0.896402585054265,0.575757575757576,"SAL","D56"
"SAL11","L12",5309,7184,592,657,639,458233.3192,270,299,569,8.24053452115813,9.14532293986637,8.89476614699332,73.9003340757238,0.0824053452115813,0.0914532293986637,0.0889476614699332,0.739003340757238,10.618,14.368,1.184,1.314,1.278,87.7108595232203,5.7037824746562,5.6021188208797,6.3456363608286,8.99330859314188,0.898851139637541,0.525483304042179,"SAL","D56"
"SAL11","L13",456,632,26,51,102,47484.21322,6,10,16,4.11392405063291,8.06962025316456,16.1392405063291,72.1518987341772,0.0411392405063291,0.0806962025316456,0.161392405063291,0.721518987341772,0.912,1.264,0.052,0.102,0.204,42.1940928270042,2.39789527279837,1.94591014905531,2.83321334405622,55.2420299088972,0.846351820920547,0.625,"SAL","D56"
"SAL12","L01",499,761,48,75,141,53439.73042,5,1,6,6.30749014454665,9.85545335085414,18.5282522996058,65.5716162943495,0.0630749014454665,0.0985545335085414,0.185282522996058,0.655716162943495,0.998,1.522,0.096,0.15,0.282,1.57687253613666,0.693147180559945,1.79175946922805,1.94591014905531,9.89199479353789,0.356207187108022,0.166666666666667,"SAL","D56"
"SAL12","L02",8505,14673,4469,769,1020,823525.5866,347,284,631,30.4573025284536,5.24091869420023,6.95154365160499,57.9636066244122,0.304573025284536,0.0524091869420023,0.0695154365160499,0.579636066244122,17.01,29.346,8.938,1.538,2.04,35.1964860864051,5.65248918026865,5.85220247977447,6.44888939414686,4.24508515722746,0.876505834539349,0.450079239302694,"SAL","D56"
"SAL12","L03",419,694,137,76,78,47106.0587,5,7,12,19.7406340057637,10.9510086455331,11.2391930835735,60.3746397694525,0.197406340057637,0.109510086455331,0.112391930835735,0.603746397694525,0.838,1.388,0.274,0.152,0.156,24.2074927953891,2.07944154167984,1.79175946922805,2.56494935746154,42.8929910381165,0.810714463281959,0.583333333333333,"SAL","D56"
"SAL12","L04",1398,1455,28,12,17,104124.0971,1,0,1,1.92439862542955,0.824742268041237,1.16838487972509,96.0824742268041,0.0192439862542955,0.00824742268041237,0.0116838487972509,0.960824742268041,2.796,2.91,0.056,0.024,0.034,0,0,0.693147180559945,0.693147180559945,0,0,0,"SAL","D56"
"SAL12","L05",1097,1759,175,303,198,129505.4286,5,1,6,9.9488345650938,17.2256964184196,11.2563956793633,62.3649801023309,0.099488345650938,0.172256964184196,0.112563956793633,0.623649801023309,2.194,3.518,0.35,0.606,0.396,0.682205798749289,0.693147180559945,1.79175946922805,1.94591014905531,4.2795952460957,0.356207187108022,0.166666666666667,"SAL","D56"
"SAL12","L06",356,479,80,16,32,32149.7976,1,0,1,16.7014613778706,3.34029227557411,6.68058455114822,74.321503131524,0.167014613778706,0.0334029227557411,0.0668058455114822,0.74321503131524,0.712,0.958,0.16,0.032,0.064,0,0,0.693147180559945,0.693147180559945,0,0,0,"SAL","D56"
"SAL12","L07",5261,6516,724,324,231,423791.2721,45,22,67,11.1111111111111,4.97237569060773,3.5451197053407,80.7397176181707,0.111111111111111,0.0497237569060773,0.035451197053407,0.807397176181707,10.522,13.032,1.448,0.648,0.462,5.02694222767887,3.13549421592915,3.8286413964891,4.21950770517611,5.30324903790306,0.743094795651827,0.328358208955224,"SAL","D56"
"SAL12","L08",1074,1419,84,155,111,105083.6433,3,0,3,5.91966173361522,10.92318534179,7.82241014799154,75.6871035940803,0.0591966173361522,0.1092318534179,0.0782241014799154,0.756871035940803,2.148,2.838,0.168,0.31,0.222,0,0,1.38629436111989,1.38629436111989,0,0,0,"SAL","D56"
"SAL12","L09",1276,1576,108,87,108,107564.1371,9,13,22,6.85279187817259,5.52030456852792,6.85279187817259,80.9644670050761,0.0685279187817259,0.0552030456852792,0.0685279187817259,0.809644670050761,2.552,3.152,0.216,0.174,0.216,20.1635645798082,2.63905732961526,2.30258509299405,3.13549421592915,22.8025242803512,0.841671885793359,0.590909090909091,"SAL","D56"
